symbol,skip_at,distance_pct_at_skip,price_at_skip,ema20_at_skip,check_price_24h,hours_to_check,delta_24h_pct,peak_24h_pct,verdict,notes
SPK/USDT,2026-04-23 19:38:17,22.20,,,,0.0,,,pre-47a (no baseline),no_baseline
SPK/USDT,2026-04-23 19:38:17,22.20,,,,0.0,,,pre-47a (no baseline),no_baseline
MET/USDT,2026-04-23 19:38:17,20.30,,,,0.0,,,pre-47a (no baseline),no_baseline
HUMA/USDT,2026-04-23 19:46:35,13.82,,,,0.0,,,pre-47a (no baseline),no_baseline
MOVR/USDT,2026-04-23 19:46:35,31.12,,,,0.0,,,pre-47a (no baseline),no_baseline
HUMA/USDT,2026-04-23 22:22:14,16.00,,,,0.0,,,pre-47a (no baseline),no_baseline
SENT/USDT,2026-04-23 22:22:14,15.78,,,,0.0,,,pre-47a (no baseline),no_baseline
MOVR/USDT,2026-04-23 22:22:14,28.61,,,,0.0,,,pre-47a (no baseline),no_baseline
HUMA/USDT,2026-04-24 00:44:52,17.33,,,,0.0,,,pre-47a (no baseline),no_baseline
SENT/USDT,2026-04-24 00:44:52,11.57,,,,0.0,,,pre-47a (no baseline),no_baseline
LUNC/USDT,2026-04-24 01:45:23,18.36,,,,0.0,,,pre-47a (no baseline),no_baseline
HUMA/USDT,2026-04-24 01:45:23,13.80,,,,0.0,,,pre-47a (no baseline),no_baseline
SENT/USDT,2026-04-24 01:45:24,11.06,,,,0.0,,,pre-47a (no baseline),no_baseline
LUNC/USDT,2026-04-24 02:45:51,15.95,,,,0.0,,,pre-47a (no baseline),no_baseline
HUMA/USDT,2026-04-24 02:45:51,13.65,,,,0.0,,,pre-47a (no baseline),no_baseline
SENT/USDT,2026-04-24 02:45:51,10.03,,,,0.0,,,pre-47a (no baseline),no_baseline
LUNC/USDT,2026-04-24 05:00:27,14.60,,,,0.0,,,pre-47a (no baseline),no_baseline
HUMA/USDT,2026-04-24 05:00:27,10.66,,,,0.0,,,pre-47a (no baseline),no_baseline
GLMR/USDT,2026-04-24 05:00:27,24.60,,,,0.0,,,pre-47a (no baseline),no_baseline
SPK/USDT,2026-04-24 05:00:28,12.75,,,,0.0,,,pre-47a (no baseline),no_baseline
KAT/USDT,2026-04-24 06:39:32,31.74,,,,0.0,,,pre-47a (no baseline),no_baseline
HUMA/USDT,2026-04-24 06:39:33,13.23,,,,0.0,,,pre-47a (no baseline),no_baseline
LUNC/USDT,2026-04-24 06:39:33,10.45,,,,0.0,,,pre-47a (no baseline),no_baseline
KAT/USDT,2026-04-24 06:39:33,31.74,,,,0.0,,,pre-47a (no baseline),no_baseline
KAT/USDT,2026-04-24 09:00:42,35.89,,,,0.0,,,pre-47a (no baseline),no_baseline
LUNC/USDT,2026-04-24 09:00:42,10.67,,,,0.0,,,pre-47a (no baseline),no_baseline
KAT/USDT,2026-04-24 09:00:42,35.89,,,,0.0,,,pre-47a (no baseline),no_baseline
KAT/USDT,2026-04-24 10:01:12,48.88,,,,0.0,,,pre-47a (no baseline),no_baseline
KAT/USDT,2026-04-24 10:01:12,48.88,,,,0.0,,,pre-47a (no baseline),no_baseline
KAT/USDT,2026-04-24 10:14:53,55.04,,,,0.0,,,pre-47a (no baseline),no_baseline
DYDX/USDT,2026-04-24 10:14:54,12.18,,,,0.0,,,pre-47a (no baseline),no_baseline
KAT/USDT,2026-04-24 10:14:54,55.04,,,,0.0,,,pre-47a (no baseline),no_baseline
KAT/USDT,2026-04-24 11:15:25,48.08,,,,0.0,,,pre-47a (no baseline),no_baseline
HUMA/USDT,2026-04-24 11:15:25,10.31,,,,0.0,,,pre-47a (no baseline),no_baseline
DYDX/USDT,2026-04-24 11:15:25,12.08,,,,0.0,,,pre-47a (no baseline),no_baseline
KAT/USDT,2026-04-24 11:15:26,48.08,,,,0.0,,,pre-47a (no baseline),no_baseline
KAT/USDT,2026-04-24 12:15:55,54.58,,,,0.0,,,pre-47a (no baseline),no_baseline
ESP/USDT,2026-04-24 12:15:55,10.66,,,,0.0,,,pre-47a (no baseline),no_baseline
KAT/USDT,2026-04-24 12:15:56,54.58,,,,0.0,,,pre-47a (no baseline),no_baseline
KAT/USDT,2026-04-24 13:16:26,64.46,,,,0.0,,,pre-47a (no baseline),no_baseline
KAT/USDT,2026-04-24 13:16:26,64.46,,,,0.0,,,pre-47a (no baseline),no_baseline
KAT/USDT,2026-04-24 14:16:56,65.57,,,,0.0,,,pre-47a (no baseline),no_baseline
KAT/USDT,2026-04-24 14:16:56,65.57,,,,0.0,,,pre-47a (no baseline),no_baseline
KAT/USDT,2026-04-24 15:17:25,64.35,,,,0.0,,,pre-47a (no baseline),no_baseline
HUMA/USDT,2026-04-24 15:17:26,11.85,,,,0.0,,,pre-47a (no baseline),no_baseline
KAT/USDT,2026-04-24 15:17:26,64.35,,,,0.0,,,pre-47a (no baseline),no_baseline
KAT/USDT,2026-04-24 16:17:55,57.26,,,,0.0,,,pre-47a (no baseline),no_baseline
APE/USDT,2026-04-24 16:17:56,50.16,,,,0.0,,,pre-47a (no baseline),no_baseline
TREE/USDT,2026-04-24 16:17:56,10.71,,,,0.0,,,pre-47a (no baseline),no_baseline
KAT/USDT,2026-04-24 16:17:56,57.26,,,,0.0,,,pre-47a (no baseline),no_baseline
KAT/USDT,2026-04-24 17:18:25,59.85,,,,0.0,,,pre-47a (no baseline),no_baseline
APE/USDT,2026-04-24 17:18:25,45.43,,,,0.0,,,pre-47a (no baseline),no_baseline
TREE/USDT,2026-04-24 17:18:25,11.75,,,,0.0,,,pre-47a (no baseline),no_baseline
KAT/USDT,2026-04-24 17:18:26,59.85,,,,0.0,,,pre-47a (no baseline),no_baseline
KAT/USDT,2026-04-24 18:18:55,59.78,,,,0.0,,,pre-47a (no baseline),no_baseline
APE/USDT,2026-04-24 18:18:55,39.57,,,,0.0,,,pre-47a (no baseline),no_baseline
TREE/USDT,2026-04-24 18:18:55,11.39,,,,0.0,,,pre-47a (no baseline),no_baseline
KAT/USDT,2026-04-24 18:18:56,59.78,,,,0.0,,,pre-47a (no baseline),no_baseline
KAT/USDT,2026-04-24 19:19:25,54.72,,,,0.0,,,pre-47a (no baseline),no_baseline
APE/USDT,2026-04-24 19:19:25,42.22,,,,0.0,,,pre-47a (no baseline),no_baseline
ZBT/USDT,2026-04-24 19:19:25,17.30,,,,0.0,,,pre-47a (no baseline),no_baseline
KAT/USDT,2026-04-24 19:19:26,54.72,,,,0.0,,,pre-47a (no baseline),no_baseline
APE/USDT,2026-04-24 20:19:55,87.15,,,,0.0,,,pre-47a (no baseline),no_baseline
KAT/USDT,2026-04-24 20:19:55,38.83,,,,0.0,,,pre-47a (no baseline),no_baseline
ZBT/USDT,2026-04-24 20:19:55,20.71,,,,0.0,,,pre-47a (no baseline),no_baseline
KAT/USDT,2026-04-24 20:19:55,38.83,,,,0.0,,,pre-47a (no baseline),no_baseline
APE/USDT,2026-04-24 20:19:56,87.15,,,,0.0,,,pre-47a (no baseline),no_baseline
ZBT/USDT,2026-04-24 20:19:56,20.71,,,,0.0,,,pre-47a (no baseline),no_baseline
KAT/USDT,2026-04-24 21:20:24,53.57,,,,0.0,,,pre-47a (no baseline),no_baseline
APE/USDT,2026-04-24 21:20:25,46.55,,,,0.0,,,pre-47a (no baseline),no_baseline
ZBT/USDT,2026-04-24 21:20:25,26.42,,,,0.0,,,pre-47a (no baseline),no_baseline
KAT/USDT,2026-04-24 21:20:25,53.57,,,,0.0,,,pre-47a (no baseline),no_baseline
APE/USDT,2026-04-24 21:20:26,46.55,,,,0.0,,,pre-47a (no baseline),no_baseline
ZBT/USDT,2026-04-24 21:20:26,26.42,,,,0.0,,,pre-47a (no baseline),no_baseline
KAT/USDT,2026-04-24 22:20:54,70.25,,,,0.0,,,pre-47a (no baseline),no_baseline
APE/USDT,2026-04-24 22:20:54,44.41,,,,0.0,,,pre-47a (no baseline),no_baseline
OPN/USDT,2026-04-24 22:20:54,17.32,,,,0.0,,,pre-47a (no baseline),no_baseline
ZBT/USDT,2026-04-24 22:20:55,23.07,,,,0.0,,,pre-47a (no baseline),no_baseline
ROBO/USDT,2026-04-24 22:20:55,13.34,,,,0.0,,,pre-47a (no baseline),no_baseline
KAT/USDT,2026-04-24 22:20:55,70.25,,,,0.0,,,pre-47a (no baseline),no_baseline
APE/USDT,2026-04-24 22:20:56,44.41,,,,0.0,,,pre-47a (no baseline),no_baseline
OPN/USDT,2026-04-24 22:20:56,17.32,,,,0.0,,,pre-47a (no baseline),no_baseline
KAT/USDT,2026-04-24 23:21:27,61.14,,,,0.0,,,pre-47a (no baseline),no_baseline
APE/USDT,2026-04-24 23:21:28,45.47,,,,0.0,,,pre-47a (no baseline),no_baseline
OPN/USDT,2026-04-24 23:21:28,16.98,,,,0.0,,,pre-47a (no baseline),no_baseline
API3/USDT,2026-04-24 23:21:28,17.01,,,,0.0,,,pre-47a (no baseline),no_baseline
ZBT/USDT,2026-04-24 23:21:28,21.05,,,,0.0,,,pre-47a (no baseline),no_baseline
KAT/USDT,2026-04-24 23:21:29,61.14,,,,0.0,,,pre-47a (no baseline),no_baseline
APE/USDT,2026-04-24 23:21:29,45.47,,,,0.0,,,pre-47a (no baseline),no_baseline
OPN/USDT,2026-04-24 23:21:29,16.98,,,,0.0,,,pre-47a (no baseline),no_baseline
KAT/USDT,2026-04-25 00:21:58,46.57,,,,0.0,,,pre-47a (no baseline),no_baseline
API3/USDT,2026-04-25 00:21:59,26.98,,,,0.0,,,pre-47a (no baseline),no_baseline
APE/USDT,2026-04-25 00:21:59,37.82,,,,0.0,,,pre-47a (no baseline),no_baseline
D/USDT,2026-04-25 00:21:59,14.90,,,,0.0,,,pre-47a (no baseline),no_baseline
ZBT/USDT,2026-04-25 00:21:59,24.84,,,,0.0,,,pre-47a (no baseline),no_baseline
OPN/USDT,2026-04-25 00:22:00,15.56,,,,0.0,,,pre-47a (no baseline),no_baseline
KAT/USDT,2026-04-25 00:22:00,46.57,,,,0.0,,,pre-47a (no baseline),no_baseline
APE/USDT,2026-04-25 00:22:00,37.82,,,,0.0,,,pre-47a (no baseline),no_baseline
API3/USDT,2026-04-25 00:22:01,26.98,,,,0.0,,,pre-47a (no baseline),no_baseline
API3/USDT,2026-04-25 01:22:29,41.94,,,,0.0,,,pre-47a (no baseline),no_baseline
KAT/USDT,2026-04-25 01:22:30,45.77,,,,0.0,,,pre-47a (no baseline),no_baseline
APE/USDT,2026-04-25 01:22:30,54.06,,,,0.0,,,pre-47a (no baseline),no_baseline
KAT/USDT,2026-04-25 01:22:30,45.77,,,,0.0,,,pre-47a (no baseline),no_baseline
API3/USDT,2026-04-25 01:22:30,41.94,,,,0.0,,,pre-47a (no baseline),no_baseline
API3/USDT,2026-04-25 02:23:00,40.12,,,,0.0,,,pre-47a (no baseline),no_baseline
KAT/USDT,2026-04-25 02:23:00,45.45,,,,0.0,,,pre-47a (no baseline),no_baseline
APE/USDT,2026-04-25 02:23:00,51.99,,,,0.0,,,pre-47a (no baseline),no_baseline
DYDX/USDT,2026-04-25 02:23:00,16.05,,,,0.0,,,pre-47a (no baseline),no_baseline
D/USDT,2026-04-25 02:23:01,15.98,,,,0.0,,,pre-47a (no baseline),no_baseline
ZBT/USDT,2026-04-25 02:23:01,14.01,,,,0.0,,,pre-47a (no baseline),no_baseline
KAT/USDT,2026-04-25 02:23:01,45.45,,,,0.0,,,pre-47a (no baseline),no_baseline
API3/USDT,2026-04-25 02:23:02,40.12,,,,0.0,,,pre-47a (no baseline),no_baseline
API3/USDT,2026-04-25 03:23:32,42.60,,,,0.0,,,pre-47a (no baseline),no_baseline
KAT/USDT,2026-04-25 03:23:32,45.28,,,,0.0,,,pre-47a (no baseline),no_baseline
APE/USDT,2026-04-25 03:23:33,54.38,,,,0.0,,,pre-47a (no baseline),no_baseline
D/USDT,2026-04-25 03:23:33,32.06,,,,0.0,,,pre-47a (no baseline),no_baseline
DYDX/USDT,2026-04-25 03:23:33,19.14,,,,0.0,,,pre-47a (no baseline),no_baseline
KAT/USDT,2026-04-25 03:23:34,45.28,,,,0.0,,,pre-47a (no baseline),no_baseline
API3/USDT,2026-04-25 03:23:34,42.60,,,,0.0,,,pre-47a (no baseline),no_baseline
KAT/USDT,2026-04-25 04:24:03,47.46,,,,0.0,,,pre-47a (no baseline),no_baseline
D/USDT,2026-04-25 04:24:03,28.10,,,,0.0,,,pre-47a (no baseline),no_baseline
API3/USDT,2026-04-25 04:24:04,35.16,,,,0.0,,,pre-47a (no baseline),no_baseline
APE/USDT,2026-04-25 04:24:04,40.72,,,,0.0,,,pre-47a (no baseline),no_baseline
DYDX/USDT,2026-04-25 04:24:04,13.46,,,,0.0,,,pre-47a (no baseline),no_baseline
KAT/USDT,2026-04-25 04:24:04,47.46,,,,0.0,,,pre-47a (no baseline),no_baseline
API3/USDT,2026-04-25 04:24:05,35.16,,,,0.0,,,pre-47a (no baseline),no_baseline
KAT/USDT,2026-04-25 05:24:35,50.29,,,,0.0,,,pre-47a (no baseline),no_baseline
APE/USDT,2026-04-25 05:24:35,47.80,,,,0.0,,,pre-47a (no baseline),no_baseline
AXS/USDT,2026-04-25 05:24:35,14.53,,,,0.0,,,pre-47a (no baseline),no_baseline
D/USDT,2026-04-25 05:24:36,25.66,,,,0.0,,,pre-47a (no baseline),no_baseline
API3/USDT,2026-04-25 05:24:36,33.28,,,,0.0,,,pre-47a (no baseline),no_baseline
DYM/USDT,2026-04-25 05:24:36,12.62,,,,0.0,,,pre-47a (no baseline),no_baseline
DYDX/USDT,2026-04-25 05:24:36,13.78,,,,0.0,,,pre-47a (no baseline),no_baseline
KAT/USDT,2026-04-25 05:24:37,50.29,,,,0.0,,,pre-47a (no baseline),no_baseline
API3/USDT,2026-04-25 05:24:37,33.28,,,,0.0,,,pre-47a (no baseline),no_baseline
AXS/USDT,2026-04-25 05:24:37,14.53,,,,0.0,,,pre-47a (no baseline),no_baseline
AXS/USDT,2026-04-25 06:25:06,26.18,,,,0.0,,,pre-47a (no baseline),no_baseline
KAT/USDT,2026-04-25 06:25:06,41.34,,,,0.0,,,pre-47a (no baseline),no_baseline
APE/USDT,2026-04-25 06:25:07,41.61,,,,0.0,,,pre-47a (no baseline),no_baseline
API3/USDT,2026-04-25 06:25:07,33.25,,,,0.0,,,pre-47a (no baseline),no_baseline
D/USDT,2026-04-25 06:25:07,21.16,,,,0.0,,,pre-47a (no baseline),no_baseline
KAT/USDT,2026-04-25 06:25:08,41.34,,,,0.0,,,pre-47a (no baseline),no_baseline
API3/USDT,2026-04-25 06:25:08,33.25,,,,0.0,,,pre-47a (no baseline),no_baseline
AXS/USDT,2026-04-25 06:25:08,26.18,,,,0.0,,,pre-47a (no baseline),no_baseline
KAT/USDT,2026-04-25 06:55:31,47.35,0.02485,0.016865,0.01244,35.8,-49.94,-24.95,AVOIDED big loss (-10%+),
AXS/USDT,2026-04-25 06:55:31,22.84,1.413,1.150296,1.398,35.8,-1.06,+15.57,avoided small loss,
API3/USDT,2026-04-25 06:55:31,35.88,0.4731,0.348183,0.3409,35.8,-27.94,-16.32,AVOIDED big loss (-10%+),
APE/USDT,2026-04-25 06:55:31,36.74,0.1889,0.138142,0.1488,35.8,-21.23,-9.63,AVOIDED big loss (-10%+),
D/USDT,2026-04-25 06:55:32,20.88,0.0126,0.010424,0.01569,35.8,+24.52,+23.33,BLOCKED big winner (+10%+),
KAT/USDT,2026-04-25 06:55:32,47.35,0.02485,0.016865,0.01244,35.8,-49.94,-24.95,AVOIDED big loss (-10%+),
API3/USDT,2026-04-25 06:55:32,35.88,0.4731,0.348183,0.3409,35.8,-27.94,-16.32,AVOIDED big loss (-10%+),
AXS/USDT,2026-04-25 06:55:32,22.84,1.413,1.150296,1.399,35.8,-0.99,+15.57,avoided small loss,
KAT/USDT,2026-04-25 07:08:56,46.07,0.0246,0.016841,0.01244,35.6,-49.43,-24.19,AVOIDED big loss (-10%+),
AXS/USDT,2026-04-25 07:08:57,21.38,1.395,1.149248,1.399,35.6,+0.29,+17.06,blocked small gain,
API3/USDT,2026-04-25 07:08:57,35.09,0.47,0.347916,0.3409,35.6,-27.47,-15.77,AVOIDED big loss (-10%+),
APE/USDT,2026-04-25 07:08:57,36.86,0.1891,0.138171,0.1488,35.6,-21.31,-9.73,AVOIDED big loss (-10%+),
D/USDT,2026-04-25 07:08:58,22.73,0.0128,0.010429,0.01571,35.6,+22.73,+21.41,BLOCKED big winner (+10%+),
KAT/USDT,2026-04-25 07:08:58,46.07,0.0246,0.016841,0.01244,35.6,-49.43,-24.19,AVOIDED big loss (-10%+),
API3/USDT,2026-04-25 07:08:58,35.09,0.47,0.347916,0.3409,35.6,-27.47,-15.77,AVOIDED big loss (-10%+),
AXS/USDT,2026-04-25 07:08:58,21.38,1.395,1.149248,1.399,35.6,+0.29,+17.06,blocked small gain,
KAT/USDT,2026-04-25 08:09:27,41.15,0.02477,0.017549,0.01244,34.6,-49.78,-24.71,AVOIDED big loss (-10%+),
AXS/USDT,2026-04-25 08:09:27,22.29,1.447,1.183205,1.399,34.6,-3.32,+12.85,avoided small loss,
KAT/USDT,2026-04-25 08:09:27,41.15,0.02477,0.017549,0.01244,34.6,-49.78,-24.71,AVOIDED big loss (-10%+),
AXS/USDT,2026-04-25 08:09:27,22.29,1.447,1.183205,1.399,34.6,-3.32,+12.85,avoided small loss,
AXS/USDT,2026-04-25 09:09:56,33.38,1.598,1.198063,1.399,33.5,-12.45,+2.19,AVOIDED big loss (-10%+),
KAT/USDT,2026-04-25 09:09:57,35.17,0.02356,0.01743,0.01244,33.5,-47.20,-20.84,AVOIDED big loss (-10%+),
KAT/USDT,2026-04-25 09:09:57,35.17,0.02356,0.01743,0.01244,33.5,-47.20,-20.84,AVOIDED big loss (-10%+),
AXS/USDT,2026-04-25 09:09:57,33.38,1.598,1.198063,1.4,33.5,-12.39,+2.19,AVOIDED big loss (-10%+),
AXS/USDT,2026-04-25 10:10:27,44.09,1.746,1.211777,1.4,32.5,-19.82,-6.47,AVOIDED big loss (-10%+),
KAT/USDT,2026-04-25 10:10:27,20.68,0.02071,0.017161,0.01244,32.5,-39.93,-9.95,AVOIDED big loss (-10%+),
AXS/USDT,2026-04-25 10:10:28,44.09,1.746,1.211777,1.4,32.5,-19.82,-6.47,AVOIDED big loss (-10%+),
AXS/USDT,2026-04-25 11:10:57,40.73,1.699,1.207301,1.4,31.5,-17.60,-3.88,AVOIDED big loss (-10%+),
AXS/USDT,2026-04-25 11:10:58,40.73,1.699,1.207301,1.4,31.5,-17.60,-3.88,AVOIDED big loss (-10%+),
HYPER/USDT,2026-04-25 12:11:28,48.87,0.1594,0.10707,0.1239,30.5,-22.27,+16.06,AVOIDED big loss (-10%+),
AXS/USDT,2026-04-25 12:11:28,28.73,1.597,1.240547,1.4,30.5,-12.34,+2.25,AVOIDED big loss (-10%+),
AXS/USDT,2026-04-25 12:11:29,28.73,1.597,1.240547,1.4,30.5,-12.34,+2.25,AVOIDED big loss (-10%+),
HYPER/USDT,2026-04-25 12:11:29,48.87,0.1594,0.10707,0.1239,30.5,-22.27,+16.06,AVOIDED big loss (-10%+),
HYPER/USDT,2026-04-25 13:11:59,65.96,0.1809,0.109003,0.1239,29.5,-31.51,+1.77,AVOIDED big loss (-10%+),
SAHARA/USDT,2026-04-25 13:11:59,19.60,0.02689,0.022484,0.02389,29.5,-11.16,+6.51,AVOIDED big loss (-10%+),
AXS/USDT,2026-04-25 13:12:00,24.37,1.536,1.235023,1.4,29.5,-8.85,+6.32,avoided medium loss (5-10%),
D/USDT,2026-04-25 13:12:00,20.94,0.0132,0.010915,0.01572,29.5,+19.09,+59.92,BLOCKED big winner (+10%+),
AXS/USDT,2026-04-25 13:12:01,24.37,1.536,1.235023,1.4,29.5,-8.85,+6.32,avoided medium loss (5-10%),
HYPER/USDT,2026-04-25 13:12:01,65.96,0.1809,0.109003,0.1239,29.5,-31.51,+1.77,AVOIDED big loss (-10%+),
HYPER/USDT,2026-04-25 13:15:25,64.59,0.179,0.108756,0.1239,29.5,-30.78,+2.85,AVOIDED big loss (-10%+),
SAHARA/USDT,2026-04-25 13:15:25,17.45,0.02635,0.022436,0.02389,29.5,-9.34,+8.69,avoided medium loss (5-10%),
AXS/USDT,2026-04-25 13:15:25,25.75,1.555,1.236547,1.399,29.5,-10.03,+5.02,AVOIDED big loss (-10%+),
D/USDT,2026-04-25 13:15:26,20.52,0.01315,0.010911,0.01572,29.5,+19.54,+60.53,BLOCKED big winner (+10%+),
AXS/USDT,2026-04-25 13:15:26,25.75,1.555,1.236547,1.399,29.5,-10.03,+5.02,AVOIDED big loss (-10%+),
HYPER/USDT,2026-04-25 13:15:26,64.59,0.179,0.108756,0.1239,29.5,-30.78,+2.85,AVOIDED big loss (-10%+),
HYPER/USDT,2026-04-25 13:45:55,55.20,0.1671,0.10767,0.1239,28.9,-25.85,+10.17,AVOIDED big loss (-10%+),
D/USDT,2026-04-25 13:45:55,35.51,0.01503,0.011092,0.01572,28.9,+4.59,+40.45,blocked small gain,
AXS/USDT,2026-04-25 13:45:55,24.58,1.538,1.234547,1.399,28.9,-9.04,+6.18,avoided medium loss (5-10%),
AXS/USDT,2026-04-25 13:45:56,24.58,1.538,1.234547,1.399,28.9,-9.04,+6.18,avoided medium loss (5-10%),
HYPER/USDT,2026-04-25 13:45:56,55.20,0.1671,0.10767,0.1239,28.9,-25.85,+10.17,AVOIDED big loss (-10%+),
HYPER/USDT,2026-04-25 14:16:26,45.96,0.1554,0.10647,0.1239,28.4,-20.27,+18.47,AVOIDED big loss (-10%+),
D/USDT,2026-04-25 14:16:26,24.65,0.01366,0.010958,0.01572,28.4,+15.08,+54.54,BLOCKED big winner (+10%+),
AXS/USDT,2026-04-25 14:16:26,22.54,1.51,1.232261,1.4,28.4,-7.28,+8.15,avoided medium loss (5-10%),
D/USDT,2026-04-25 14:16:27,24.65,0.01366,0.010958,0.01573,28.4,+15.15,+54.54,BLOCKED big winner (+10%+),
HYPER/USDT,2026-04-25 14:16:27,45.96,0.1554,0.10647,0.1239,28.4,-20.27,+18.47,AVOIDED big loss (-10%+),
HYPER/USDT,2026-04-25 14:46:56,46.03,0.1557,0.106622,0.1239,27.9,-20.42,+18.24,AVOIDED big loss (-10%+),
ORCA/USDT,2026-04-25 14:46:56,26.87,1.221,0.962395,1.39,27.9,+13.84,+73.38,BLOCKED big winner (+10%+),
AXS/USDT,2026-04-25 14:46:56,25.99,1.558,1.236642,1.4,27.9,-10.14,+4.81,AVOIDED big loss (-10%+),
D/USDT,2026-04-25 14:46:56,21.52,0.01328,0.010928,0.0157,27.9,+18.22,+58.96,BLOCKED big winner (+10%+),
HYPER/USDT,2026-04-25 14:46:57,46.03,0.1557,0.106622,0.1239,27.9,-20.42,+18.24,AVOIDED big loss (-10%+),
ORCA/USDT,2026-04-25 14:46:57,26.87,1.221,0.962395,1.39,27.9,+13.84,+73.38,BLOCKED big winner (+10%+),
HYPER/USDT,2026-04-25 15:17:27,64.55,0.1789,0.108718,0.1239,27.4,-30.74,-1.68,AVOIDED big loss (-10%+),
ORCA/USDT,2026-04-25 15:17:27,19.20,1.139,0.955537,1.39,27.4,+22.04,+85.86,BLOCKED big winner (+10%+),
AXS/USDT,2026-04-25 15:17:27,25.35,1.549,1.235785,1.4,27.4,-9.62,+5.42,avoided medium loss (5-10%),
D/USDT,2026-04-25 15:17:28,19.49,0.01302,0.010897,0.01572,27.4,+20.74,+62.14,BLOCKED big winner (+10%+),
HYPER/USDT,2026-04-25 15:17:28,64.55,0.1789,0.108718,0.1239,27.4,-30.74,-1.68,AVOIDED big loss (-10%+),
ORCA/USDT,2026-04-25 15:17:28,19.20,1.139,0.955537,1.39,27.4,+22.04,+85.86,BLOCKED big winner (+10%+),
HYPER/USDT,2026-04-25 15:47:58,54.25,0.1659,0.107556,0.124,26.9,-25.26,+6.03,AVOIDED big loss (-10%+),
ORCA/USDT,2026-04-25 15:47:58,36.69,1.329,0.972299,1.39,26.9,+4.59,+59.29,blocked small gain,
AXS/USDT,2026-04-25 15:47:58,23.14,1.518,1.232738,1.4,26.9,-7.77,+7.58,avoided medium loss (5-10%),
HYPER/USDT,2026-04-25 15:47:59,54.25,0.1659,0.107556,0.124,26.9,-25.26,+6.03,AVOIDED big loss (-10%+),
ORCA/USDT,2026-04-25 15:47:59,36.69,1.329,0.972299,1.39,26.9,+4.59,+59.29,blocked small gain,
ORCA/USDT,2026-04-25 16:18:28,31.03,1.317,1.00511,1.39,26.4,+5.54,+60.74,blocked winner (5-10%),
HYPER/USDT,2026-04-25 16:18:28,43.80,0.1626,0.113073,0.124,26.4,-23.74,+8.18,AVOIDED big loss (-10%+),
AXS/USDT,2026-04-25 16:18:29,19.64,1.507,1.259565,1.4,26.4,-7.10,+8.36,avoided medium loss (5-10%),
HYPER/USDT,2026-04-25 16:18:29,43.80,0.1626,0.113073,0.124,26.4,-23.74,+8.18,AVOIDED big loss (-10%+),
ORCA/USDT,2026-04-25 16:18:29,31.03,1.317,1.00511,1.389,26.4,+5.47,+60.74,blocked winner (5-10%),
HYPER/USDT,2026-04-25 16:48:59,41.71,0.1599,0.112835,0.124,25.9,-22.45,+10.01,AVOIDED big loss (-10%+),
ORCA/USDT,2026-04-25 16:48:59,23.90,1.237,0.998348,1.388,25.9,+12.21,+71.14,BLOCKED big winner (+10%+),
AXS/USDT,2026-04-25 16:48:59,20.59,1.52,1.260518,1.4,25.9,-7.89,+7.43,avoided medium loss (5-10%),
ZBT/USDT,2026-04-25 16:49:00,15.82,0.1482,0.127953,0.2533,25.9,+70.92,+74.09,BLOCKED big winner (+10%+),
HYPER/USDT,2026-04-25 16:49:00,41.71,0.1599,0.112835,0.124,25.9,-22.45,+10.01,AVOIDED big loss (-10%+),
ORCA/USDT,2026-04-25 16:49:01,23.90,1.237,0.998348,1.388,25.9,+12.21,+71.14,BLOCKED big winner (+10%+),
HYPER/USDT,2026-04-25 17:19:29,39.16,0.1566,0.11253,0.124,25.4,-20.82,+12.32,AVOIDED big loss (-10%+),
ORCA/USDT,2026-04-25 17:19:29,23.62,1.233,0.997396,1.388,25.4,+12.57,+71.70,BLOCKED big winner (+10%+),
AXS/USDT,2026-04-25 17:19:30,22.43,1.546,1.262803,1.4,25.4,-9.44,+5.63,avoided medium loss (5-10%),
HYPER/USDT,2026-04-25 17:19:30,39.16,0.1566,0.11253,0.124,25.4,-20.82,+12.32,AVOIDED big loss (-10%+),
ORCA/USDT,2026-04-25 17:19:30,23.62,1.233,0.997396,1.388,25.4,+12.57,+71.70,BLOCKED big winner (+10%+),
HYPER/USDT,2026-04-25 17:49:59,41.85,0.1601,0.112863,0.124,24.9,-22.55,+9.87,AVOIDED big loss (-10%+),
AXS/USDT,2026-04-25 17:50:00,21.79,1.537,1.262041,1.4,24.9,-8.91,+6.25,avoided medium loss (5-10%),
ZBT/USDT,2026-04-25 17:50:00,19.27,0.1532,0.128448,0.2532,24.9,+65.27,+79.83,BLOCKED big winner (+10%+),
ORCA/USDT,2026-04-25 17:50:00,18.89,1.179,0.991681,1.388,24.9,+17.73,+79.56,BLOCKED big winner (+10%+),
HYPER/USDT,2026-04-25 17:50:01,41.85,0.1601,0.112863,0.1241,24.9,-22.49,+9.87,AVOIDED big loss (-10%+),
ORCA/USDT,2026-04-25 17:50:01,18.89,1.179,0.991681,1.39,24.9,+17.90,+79.56,BLOCKED big winner (+10%+),
HYPER/USDT,2026-04-25 18:20:30,40.77,0.1587,0.11274,0.1241,24.4,-21.80,+10.84,AVOIDED big loss (-10%+),
AXS/USDT,2026-04-25 18:20:31,21.68,1.536,1.262327,1.401,24.4,-8.79,+6.32,avoided medium loss (5-10%),
ZBT/USDT,2026-04-25 18:20:31,18.52,0.1521,0.128334,0.2537,24.4,+66.80,+81.13,BLOCKED big winner (+10%+),
HYPER/USDT,2026-04-25 18:20:31,40.77,0.1587,0.11274,0.1241,24.4,-21.80,+10.84,AVOIDED big loss (-10%+),
HYPER/USDT,2026-04-25 18:51:01,38.46,0.1557,0.112454,0.1246,24.4,-19.97,+12.97,AVOIDED big loss (-10%+),
AXS/USDT,2026-04-25 18:51:01,22.45,1.547,1.263375,1.401,24.4,-9.44,+5.56,avoided medium loss (5-10%),
ZBT/USDT,2026-04-25 18:51:02,19.41,0.1534,0.128467,0.2461,24.4,+60.43,+79.60,BLOCKED big winner (+10%+),
ORCA/USDT,2026-04-25 18:51:02,17.02,1.159,0.990443,1.436,24.4,+23.90,+82.66,BLOCKED big winner (+10%+),
HYPER/USDT,2026-04-25 18:51:03,38.46,0.1557,0.112454,0.1246,24.4,-19.97,+12.97,AVOIDED big loss (-10%+),
HYPER/USDT,2026-04-25 19:21:33,39.93,0.1576,0.112625,0.1251,24.4,-20.62,+9.14,AVOIDED big loss (-10%+),
AXS/USDT,2026-04-25 19:21:34,22.48,1.547,1.263089,1.41,24.4,-8.86,+5.56,avoided medium loss (5-10%),
ZBT/USDT,2026-04-25 19:21:34,23.12,0.1588,0.128982,0.2484,24.4,+56.42,+73.49,BLOCKED big winner (+10%+),
ORCA/USDT,2026-04-25 19:21:34,18.86,1.18,0.992729,1.399,24.4,+18.56,+79.41,BLOCKED big winner (+10%+),
HYPER/USDT,2026-04-25 19:21:35,39.93,0.1576,0.112625,0.1251,24.4,-20.62,+9.14,AVOIDED big loss (-10%+),
HYPER/USDT,2026-04-25 19:52:04,44.70,0.1638,0.113197,0.1262,24.4,-22.95,+5.01,AVOIDED big loss (-10%+),
AXS/USDT,2026-04-25 19:52:05,21.83,1.538,1.262422,1.415,24.4,-8.00,+6.18,avoided medium loss (5-10%),
ZBT/USDT,2026-04-25 19:52:05,21.94,0.1571,0.128839,0.2497,24.4,+58.94,+75.37,BLOCKED big winner (+10%+),
ORCA/USDT,2026-04-25 19:52:05,17.69,1.166,0.990729,1.387,24.4,+18.95,+81.56,BLOCKED big winner (+10%+),
D/USDT,2026-04-25 19:52:05,15.60,0.01272,0.011004,0.01478,24.4,+16.19,+65.96,BLOCKED big winner (+10%+),
HYPER/USDT,2026-04-25 19:52:06,44.70,0.1638,0.113197,0.1262,24.4,-22.95,+5.01,AVOIDED big loss (-10%+),
HYPER/USDT,2026-04-25 20:22:35,39.59,0.1649,0.11813,0.1265,24.4,-23.29,+4.31,AVOIDED big loss (-10%+),
AXS/USDT,2026-04-25 20:22:35,19.36,1.538,1.288591,1.429,24.4,-7.09,+6.18,avoided medium loss (5-10%),
ZBT/USDT,2026-04-25 20:22:35,20.70,0.159,0.131728,0.2389,24.4,+50.25,+73.27,BLOCKED big winner (+10%+),
ORCA/USDT,2026-04-25 20:22:35,15.64,1.164,1.00655,1.399,24.4,+20.19,+81.87,BLOCKED big winner (+10%+),
HYPER/USDT,2026-04-25 20:22:36,39.59,0.1649,0.11813,0.1265,24.4,-23.29,+4.31,AVOIDED big loss (-10%+),
HYPER/USDT,2026-04-25 20:53:05,39.61,0.1649,0.118111,0.1271,24.4,-22.92,+4.31,AVOIDED big loss (-10%+),
ZBT/USDT,2026-04-25 20:53:06,22.92,0.1623,0.132042,0.2497,24.4,+53.85,+69.75,BLOCKED big winner (+10%+),
AXS/USDT,2026-04-25 20:53:06,18.68,1.528,1.287543,1.443,24.4,-5.56,+6.87,avoided medium loss (5-10%),
HYPER/USDT,2026-04-25 20:53:06,39.61,0.1649,0.118111,0.1271,24.4,-22.92,+4.31,AVOIDED big loss (-10%+),
HYPER/USDT,2026-04-25 21:23:35,36.57,0.1608,0.11774,0.1248,24.4,-22.39,+6.97,AVOIDED big loss (-10%+),
ZBT/USDT,2026-04-25 21:23:35,30.11,0.1731,0.133042,0.2488,24.4,+43.73,+59.16,BLOCKED big winner (+10%+),
AXS/USDT,2026-04-25 21:23:35,18.95,1.532,1.287924,1.427,24.4,-6.85,+6.59,avoided medium loss (5-10%),
HYPER/USDT,2026-04-25 21:23:36,36.57,0.1608,0.11774,0.1248,24.4,-22.39,+6.97,AVOIDED big loss (-10%+),
HYPER/USDT,2026-04-25 21:54:06,42.36,0.1686,0.118435,0.1263,24.4,-25.09,+2.02,AVOIDED big loss (-10%+),
ZBT/USDT,2026-04-25 21:54:06,26.77,0.1681,0.132604,0.252,24.4,+49.91,+63.89,BLOCKED big winner (+10%+),
AXS/USDT,2026-04-25 21:54:06,20.61,1.556,1.290115,1.448,24.4,-6.94,+4.95,avoided medium loss (5-10%),
HYPER/USDT,2026-04-25 21:54:07,42.36,0.1686,0.118435,0.1263,24.4,-25.09,+2.02,AVOIDED big loss (-10%+),
HYPER/USDT,2026-04-25 22:24:38,40.31,0.1659,0.118235,0.126,24.4,-24.05,-0.30,AVOIDED big loss (-10%+),
ZBT/USDT,2026-04-25 22:24:39,29.11,0.1716,0.132909,0.2234,24.4,+30.19,+60.55,BLOCKED big winner (+10%+),
AXS/USDT,2026-04-25 22:24:39,21.29,1.566,1.291162,1.446,24.4,-7.66,+4.28,avoided medium loss (5-10%),
HYPER/USDT,2026-04-25 22:24:39,40.31,0.1659,0.118235,0.126,24.4,-24.05,-0.30,AVOIDED big loss (-10%+),
HYPER/USDT,2026-04-25 22:55:10,36.51,0.1607,0.117721,0.125,24.4,-22.22,+2.92,AVOIDED big loss (-10%+),
AXS/USDT,2026-04-25 22:55:10,25.32,1.625,1.296686,1.428,24.4,-12.12,+0.49,AVOIDED big loss (-10%+),
ZBT/USDT,2026-04-25 22:55:11,29.73,0.1726,0.133042,0.2252,24.4,+30.48,+59.62,BLOCKED big winner (+10%+),
D/USDT,2026-04-25 22:55:11,16.11,0.01302,0.011213,0.01452,24.4,+11.52,+62.14,BLOCKED big winner (+10%+),
HYPER/USDT,2026-04-25 22:55:11,36.51,0.1607,0.117721,0.125,24.4,-22.22,+2.92,AVOIDED big loss (-10%+),
HYPER/USDT,2026-04-25 23:25:41,38.65,0.1636,0.117997,0.1253,24.4,-23.41,+0.98,AVOIDED big loss (-10%+),
AXS/USDT,2026-04-25 23:25:42,24.98,1.62,1.29621,1.423,24.4,-12.16,-2.10,AVOIDED big loss (-10%+),
ZBT/USDT,2026-04-25 23:25:42,26.34,0.1675,0.132576,0.2243,24.4,+33.91,+64.48,BLOCKED big winner (+10%+),
HYPER/USDT,2026-04-25 23:25:42,38.65,0.1636,0.117997,0.1253,24.4,-23.41,+0.98,AVOIDED big loss (-10%+),
HYPER/USDT,2026-04-25 23:56:12,36.21,0.1603,0.117683,0.1223,24.4,-23.71,+3.06,AVOIDED big loss (-10%+),
AXS/USDT,2026-04-25 23:56:13,22.24,1.58,1.292591,1.393,24.4,-11.84,+0.38,AVOIDED big loss (-10%+),
ZBT/USDT,2026-04-25 23:56:13,26.76,0.1681,0.132614,0.2053,24.4,+22.13,+63.89,BLOCKED big winner (+10%+),
HYPER/USDT,2026-04-25 23:56:13,36.21,0.1603,0.117683,0.1223,24.4,-23.71,+3.06,AVOIDED big loss (-10%+),
AXS/USDT,2026-04-26 00:26:42,18.22,1.557,1.317038,1.393,24.4,-10.53,-4.05,AVOIDED big loss (-10%+),
HYPER/USDT,2026-04-26 00:26:43,22.99,0.1482,0.120502,0.1222,24.4,-17.54,-2.36,AVOIDED big loss (-10%+),
ORCA/USDT,2026-04-26 00:26:43,22.09,1.251,1.024694,1.284,24.4,+2.64,+69.22,blocked small gain,
ZBT/USDT,2026-04-26 00:26:43,18.60,0.1605,0.135329,0.2164,24.4,+34.83,+71.65,BLOCKED big winner (+10%+),
AXS/USDT,2026-04-26 00:26:44,18.22,1.557,1.317038,1.393,24.4,-10.53,-4.05,AVOIDED big loss (-10%+),
ZBT/USDT,2026-04-26 00:57:14,27.92,0.1749,0.136729,0.211,24.4,+20.64,+57.52,BLOCKED big winner (+10%+),
ORCA/USDT,2026-04-26 00:57:14,28.41,1.326,1.032598,1.344,24.4,+1.36,+59.65,blocked small gain,
HYPER/USDT,2026-04-26 00:57:14,19.59,0.1436,0.120074,0.139,24.4,-3.20,+0.77,avoided small loss,
ZBT/USDT,2026-04-26 00:57:14,27.92,0.1749,0.136729,0.2107,24.4,+20.47,+57.52,BLOCKED big winner (+10%+),
SOMI/USDT,2026-04-26 01:27:43,35.98,0.2444,0.179734,0.1835,24.4,-24.92,-1.31,AVOIDED big loss (-10%+),
ZBT/USDT,2026-04-26 01:27:43,26.73,0.173,0.13651,0.2009,24.4,+16.13,+59.25,BLOCKED big winner (+10%+),
ORCA/USDT,2026-04-26 01:27:43,27.26,1.312,1.030979,1.301,24.4,-0.84,+61.36,avoided small loss,
ZBT/USDT,2026-04-26 01:27:44,26.73,0.173,0.13651,0.2009,24.4,+16.13,+59.25,BLOCKED big winner (+10%+),
SOMI/USDT,2026-04-26 01:58:13,30.72,0.2339,0.178934,0.1806,24.4,-22.79,+3.12,AVOIDED big loss (-10%+),
RAY/USDT,2026-04-26 01:58:13,15.71,0.79,0.682741,0.743,24.4,-5.95,+14.81,avoided medium loss (5-10%),
ORCA/USDT,2026-04-26 01:58:13,33.64,1.388,1.038598,1.299,24.4,-6.41,+52.52,avoided medium loss (5-10%),
ORCA/USDT,2026-04-26 01:58:13,33.64,1.388,1.038598,1.299,24.4,-6.41,+52.52,avoided medium loss (5-10%),
SOMI/USDT,2026-04-26 02:28:42,28.78,0.2298,0.178448,0.1798,24.4,-21.76,-1.65,AVOIDED big loss (-10%+),
RAY/USDT,2026-04-26 02:28:43,19.14,0.816,0.684932,0.743,24.4,-8.95,+11.15,avoided medium loss (5-10%),
ORCA/USDT,2026-04-26 02:28:43,39.51,1.458,1.045075,1.292,24.4,-11.39,+45.20,AVOIDED big loss (-10%+),
ZBT/USDT,2026-04-26 02:28:43,25.62,0.1712,0.136281,0.2055,24.4,+20.04,+60.92,BLOCKED big winner (+10%+),
ORCA/USDT,2026-04-26 02:28:43,39.51,1.458,1.045075,1.291,24.4,-11.45,+45.20,AVOIDED big loss (-10%+),
SOMI/USDT,2026-04-26 02:59:12,26.46,0.2252,0.178077,0.1805,24.4,-19.85,+0.36,AVOIDED big loss (-10%+),
RAY/USDT,2026-04-26 02:59:12,20.40,0.826,0.686075,0.752,24.4,-8.96,+9.81,avoided medium loss (5-10%),
ORCA/USDT,2026-04-26 02:59:12,48.62,1.568,1.055075,1.293,24.4,-17.54,+35.01,AVOIDED big loss (-10%+),
ZBT/USDT,2026-04-26 02:59:13,27.62,0.1744,0.136653,0.1986,24.4,+13.88,+57.97,BLOCKED big winner (+10%+),
D/USDT,2026-04-26 02:59:13,16.11,0.01323,0.011394,0.01408,24.4,+6.42,+59.56,blocked winner (5-10%),
ORCA/USDT,2026-04-26 02:59:13,48.62,1.568,1.055075,1.293,24.4,-17.54,+35.01,AVOIDED big loss (-10%+),
SOMI/USDT,2026-04-26 03:29:42,23.11,0.2185,0.177486,0.1796,24.4,-17.80,-1.92,AVOIDED big loss (-10%+),
RAY/USDT,2026-04-26 03:29:42,25.91,0.869,0.69017,0.746,24.4,-14.15,+4.37,AVOIDED big loss (-10%+),
ORCA/USDT,2026-04-26 03:29:43,47.67,1.557,1.054408,1.272,24.4,-18.30,+35.97,AVOIDED big loss (-10%+),
ZBT/USDT,2026-04-26 03:29:43,19.60,0.162,0.135453,0.199,24.4,+22.84,+70.06,BLOCKED big winner (+10%+),
D/USDT,2026-04-26 03:29:43,15.02,0.01309,0.011381,0.01423,24.4,+8.71,+61.27,blocked winner (5-10%),
ORCA/USDT,2026-04-26 03:29:44,47.67,1.557,1.054408,1.272,24.4,-18.30,+35.97,AVOIDED big loss (-10%+),
SOMI/USDT,2026-04-26 04:00:17,19.95,0.2121,0.176829,0.1797,24.4,-15.28,-3.02,AVOIDED big loss (-10%+),
RAY/USDT,2026-04-26 04:00:17,21.17,0.832,0.686646,0.74,24.4,-11.06,+1.32,AVOIDED big loss (-10%+),
ORCA/USDT,2026-04-26 04:00:18,54.17,1.64,1.063741,1.286,24.4,-21.59,+22.20,AVOIDED big loss (-10%+),
ZBT/USDT,2026-04-26 04:00:18,22.97,0.1673,0.136053,0.1949,24.4,+16.50,+64.67,BLOCKED big winner (+10%+),
ORCA/USDT,2026-04-26 04:00:18,54.17,1.64,1.063741,1.286,24.4,-21.59,+22.20,AVOIDED big loss (-10%+),
ORCA/USDT,2026-04-26 04:30:47,75.13,2.02,1.153408,1.288,24.4,-36.24,-0.79,AVOIDED big loss (-10%+),
RAY/USDT,2026-04-26 04:30:47,26.39,0.892,0.705737,0.739,24.4,-17.15,-5.49,AVOIDED big loss (-10%+),
ENSO/USDT,2026-04-26 04:30:47,17.70,0.997,0.847073,0.927,24.4,-7.02,+30.99,avoided medium loss (5-10%),
SOMI/USDT,2026-04-26 04:30:48,15.01,0.2065,0.17955,0.179,24.4,-13.32,-0.39,AVOIDED big loss (-10%+),
ZBT/USDT,2026-04-26 04:30:48,18.62,0.1646,0.138763,0.1941,24.4,+17.92,+67.38,BLOCKED big winner (+10%+),
ORCA/USDT,2026-04-26 04:30:48,75.13,2.02,1.153408,1.288,24.4,-36.24,-0.79,AVOIDED big loss (-10%+),
ORCA/USDT,2026-04-26 05:01:16,67.28,1.916,1.145408,1.247,24.4,-34.92,+0.05,AVOIDED big loss (-10%+),
ENSO/USDT,2026-04-26 05:01:17,36.91,1.185,0.865549,0.908,24.4,-23.38,+1.27,AVOIDED big loss (-10%+),
RAY/USDT,2026-04-26 05:01:17,19.28,0.836,0.700879,0.731,24.4,-12.56,+0.36,AVOIDED big loss (-10%+),
ZBT/USDT,2026-04-26 05:01:17,21.17,0.1686,0.139144,0.1951,24.4,+15.72,+63.40,BLOCKED big winner (+10%+),
ORCA/USDT,2026-04-26 05:01:18,67.28,1.916,1.145408,1.249,24.4,-34.81,+0.05,AVOIDED big loss (-10%+),
ENSO/USDT,2026-04-26 05:31:46,33.65,1.153,0.862692,0.905,24.4,-21.51,+4.08,AVOIDED big loss (-10%+),
ORCA/USDT,2026-04-26 05:31:46,57.73,1.788,1.133598,1.238,24.4,-30.76,+7.21,AVOIDED big loss (-10%+),
ZBT/USDT,2026-04-26 05:31:47,27.16,0.1781,0.140058,0.1947,24.4,+9.32,+54.69,blocked winner (5-10%),
D/USDT,2026-04-26 05:31:47,19.93,0.01397,0.011649,0.01364,24.4,-2.36,+51.11,avoided small loss,
ORCA/USDT,2026-04-26 05:31:47,57.73,1.788,1.133598,1.236,24.4,-30.87,+7.21,AVOIDED big loss (-10%+),
ENSO/USDT,2026-04-26 06:02:17,29.02,1.107,0.858025,0.893,24.4,-19.33,+4.43,AVOIDED big loss (-10%+),
ORCA/USDT,2026-04-26 06:02:18,37.77,1.528,1.109122,1.231,24.4,-19.44,+25.46,AVOIDED big loss (-10%+),
ZBT/USDT,2026-04-26 06:02:18,21.13,0.1686,0.139191,0.1936,24.4,+14.83,+63.40,BLOCKED big winner (+10%+),
ENSO/USDT,2026-04-26 06:02:18,29.02,1.107,0.858025,0.893,24.4,-19.33,+4.43,AVOIDED big loss (-10%+),
ORCA/USDT,2026-04-26 06:32:47,52.69,1.721,1.127122,1.208,24.4,-29.81,+11.39,AVOIDED big loss (-10%+),
ENSO/USDT,2026-04-26 06:32:47,28.71,1.105,0.858502,0.881,24.4,-20.27,+4.62,AVOIDED big loss (-10%+),
MIRA/USDT,2026-04-26 06:32:48,21.77,0.1081,0.088776,0.0868,24.4,-19.70,-7.59,AVOIDED big loss (-10%+),
ZBT/USDT,2026-04-26 06:32:48,30.04,0.1827,0.140496,0.1886,24.4,+3.23,+50.79,blocked small gain,
D/USDT,2026-04-26 06:32:48,20.27,0.01401,0.011649,0.01355,24.4,-3.28,+50.68,avoided small loss,
ORCA/USDT,2026-04-26 06:32:49,52.69,1.721,1.127122,1.209,24.4,-29.75,+11.39,AVOIDED big loss (-10%+),
ENSO/USDT,2026-04-26 07:03:17,28.36,1.101,0.85774,0.874,24.4,-20.62,+4.72,AVOIDED big loss (-10%+),
ZBT/USDT,2026-04-26 07:03:18,36.97,0.1939,0.141563,0.1835,24.4,-5.36,+42.08,avoided medium loss (5-10%),
ORCA/USDT,2026-04-26 07:03:18,42.19,1.584,1.113979,1.212,24.4,-23.48,+21.02,AVOIDED big loss (-10%+),
ENSO/USDT,2026-04-26 07:03:18,28.36,1.101,0.85774,0.874,24.4,-20.62,+4.72,AVOIDED big loss (-10%+),
ENSO/USDT,2026-04-26 07:33:47,28.65,1.104,0.858121,0.876,24.4,-20.65,+4.44,AVOIDED big loss (-10%+),
ORCA/USDT,2026-04-26 07:33:47,48.16,1.661,1.121122,1.198,24.4,-27.87,+15.41,AVOIDED big loss (-10%+),
ZBT/USDT,2026-04-26 07:33:47,32.88,0.1873,0.140953,0.1821,24.4,-2.78,+47.09,avoided small loss,
ENSO/USDT,2026-04-26 07:33:48,28.65,1.104,0.858121,0.877,24.4,-20.56,+4.44,AVOIDED big loss (-10%+),
ORCA/USDT,2026-04-26 08:04:18,46.00,1.73,1.184947,1.209,24.4,-30.12,+7.86,AVOIDED big loss (-10%+),
ENSO/USDT,2026-04-26 08:04:18,27.46,1.13,0.886572,0.868,24.4,-23.19,+0.80,AVOIDED big loss (-10%+),
ZBT/USDT,2026-04-26 08:04:18,29.51,0.1885,0.145547,0.1799,24.4,-4.56,+46.15,avoided small loss,
ORCA/USDT,2026-04-26 08:04:19,46.00,1.73,1.184947,1.209,24.4,-30.12,+7.86,AVOIDED big loss (-10%+),
ORCA/USDT,2026-04-26 08:34:48,55.37,1.859,1.196471,1.204,24.4,-35.23,+0.38,AVOIDED big loss (-10%+),
ENSO/USDT,2026-04-26 08:34:48,26.33,1.119,0.88581,0.867,24.4,-22.52,+1.79,AVOIDED big loss (-10%+),
ZBT/USDT,2026-04-26 08:34:49,29.77,0.189,0.145642,0.1772,24.4,-6.24,+45.77,avoided medium loss (5-10%),
D/USDT,2026-04-26 08:34:49,34.29,0.01615,0.012026,0.01362,24.4,-15.67,-0.93,AVOIDED big loss (-10%+),
ORCA/USDT,2026-04-26 08:34:49,55.37,1.859,1.196471,1.204,24.4,-35.23,+0.38,AVOIDED big loss (-10%+),
ORCA/USDT,2026-04-26 09:05:19,47.18,1.745,1.185613,1.197,24.4,-31.40,+6.93,AVOIDED big loss (-10%+),
ZBT/USDT,2026-04-26 09:05:20,38.64,0.2038,0.147004,0.1717,24.4,-15.75,+35.18,AVOIDED big loss (-10%+),
ENSO/USDT,2026-04-26 09:05:20,20.74,1.063,0.880381,0.871,24.4,-18.06,+7.15,AVOIDED big loss (-10%+),
D/USDT,2026-04-26 09:05:20,18.94,0.01407,0.01183,0.01319,24.4,-6.25,+13.72,avoided medium loss (5-10%),
ORCA/USDT,2026-04-26 09:05:21,47.18,1.745,1.185613,1.197,24.4,-31.40,+6.93,AVOIDED big loss (-10%+),
ORCA/USDT,2026-04-26 09:35:50,48.00,1.757,1.187137,1.222,24.4,-30.45,+6.20,AVOIDED big loss (-10%+),
D/USDT,2026-04-26 09:35:50,22.14,0.01451,0.01188,0.01305,24.4,-10.06,+10.27,AVOIDED big loss (-10%+),
ZBT/USDT,2026-04-26 09:35:50,24.20,0.1799,0.144842,0.1732,24.4,-3.72,+53.14,avoided small loss,
SAHARA/USDT,2026-04-26 09:35:51,17.20,0.02685,0.022909,0.02302,24.4,-14.26,-1.90,AVOIDED big loss (-10%+),
ENSO/USDT,2026-04-26 09:35:51,19.47,1.051,0.879714,0.872,24.4,-17.03,+8.37,AVOIDED big loss (-10%+),
ORCA/USDT,2026-04-26 09:35:51,48.00,1.757,1.187137,1.223,24.4,-30.39,+6.20,AVOIDED big loss (-10%+),
ORCA/USDT,2026-04-26 10:06:21,53.36,1.832,1.194566,1.194,24.4,-34.83,-1.09,AVOIDED big loss (-10%+),
D/USDT,2026-04-26 10:06:21,26.98,0.01517,0.011947,0.01331,24.4,-12.26,+5.47,AVOIDED big loss (-10%+),
ENSO/USDT,2026-04-26 10:06:21,22.12,1.077,0.881905,0.872,24.4,-19.03,+5.76,AVOIDED big loss (-10%+),
ZBT/USDT,2026-04-26 10:06:22,21.63,0.1755,0.14429,0.1707,24.4,-2.74,+56.98,avoided small loss,
ORCA/USDT,2026-04-26 10:06:22,53.36,1.832,1.194566,1.194,24.4,-34.83,-1.09,AVOIDED big loss (-10%+),
ORCA/USDT,2026-04-26 10:36:51,50.20,1.788,1.190375,1.205,24.4,-32.61,+1.34,AVOIDED big loss (-10%+),
D/USDT,2026-04-26 10:36:51,26.94,0.01515,0.011935,0.01344,24.4,-11.29,+5.61,AVOIDED big loss (-10%+),
ENSO/USDT,2026-04-26 10:36:51,20.11,1.057,0.88,0.861,24.4,-18.54,+7.76,AVOIDED big loss (-10%+),
ORCA/USDT,2026-04-26 10:36:52,50.20,1.788,1.190375,1.205,24.4,-32.61,+1.34,AVOIDED big loss (-10%+),
ORCA/USDT,2026-04-26 11:07:21,48.98,1.77,1.18809,1.189,24.4,-32.82,+0.79,AVOIDED big loss (-10%+),
ENSO/USDT,2026-04-26 11:07:21,27.95,1.135,0.887048,0.862,24.4,-24.05,-5.55,AVOIDED big loss (-10%+),
D/USDT,2026-04-26 11:07:21,24.17,0.01478,0.011903,0.01342,24.4,-9.20,+8.25,avoided medium loss (5-10%),
ZBT/USDT,2026-04-26 11:07:22,19.69,0.1724,0.144042,0.1716,24.4,-0.46,+59.80,avoided small loss,
ORCA/USDT,2026-04-26 11:07:22,48.98,1.77,1.18809,1.189,24.4,-32.82,+0.79,AVOIDED big loss (-10%+),
ORCA/USDT,2026-04-26 11:37:51,47.16,1.745,1.185804,1.187,24.4,-31.98,+2.23,AVOIDED big loss (-10%+),
D/USDT,2026-04-26 11:37:52,22.17,0.01451,0.011877,0.01329,24.4,-8.41,+10.27,avoided medium loss (5-10%),
ENSO/USDT,2026-04-26 11:37:52,20.74,1.063,0.880381,0.874,24.4,-17.78,+0.85,AVOIDED big loss (-10%+),
ZBT/USDT,2026-04-26 11:37:52,17.15,0.1683,0.143661,0.1695,24.4,+0.71,+63.70,blocked small gain,
ORCA/USDT,2026-04-26 11:37:53,47.16,1.745,1.185804,1.187,24.4,-31.98,+2.23,AVOIDED big loss (-10%+),
MASK/USDT,2026-04-26 12:08:21,30.94,0.721,0.550631,0.522,24.4,-27.60,-6.52,AVOIDED big loss (-10%+),
ORCA/USDT,2026-04-26 12:08:21,36.46,1.678,1.229646,1.188,24.4,-29.20,+4.41,AVOIDED big loss (-10%+),
ENSO/USDT,2026-04-26 12:08:22,17.30,1.052,0.896811,0.865,24.4,-17.78,+1.90,AVOIDED big loss (-10%+),
D/USDT,2026-04-26 12:08:22,17.62,0.01427,0.012132,0.01322,24.4,-7.36,+12.12,avoided medium loss (5-10%),
ORCA/USDT,2026-04-26 12:08:23,36.46,1.678,1.229646,1.188,24.4,-29.20,+4.41,AVOIDED big loss (-10%+),
ORCA/USDT,2026-04-26 12:38:52,38.56,1.708,1.232694,1.222,24.4,-28.45,+2.58,AVOIDED big loss (-10%+),
MASK/USDT,2026-04-26 12:38:52,23.61,0.675,0.54606,0.527,24.4,-21.93,-0.15,AVOIDED big loss (-10%+),
D/USDT,2026-04-26 12:38:52,22.95,0.015,0.012201,0.01335,24.4,-11.00,+6.67,AVOIDED big loss (-10%+),
ORCA/USDT,2026-04-26 12:38:53,38.56,1.708,1.232694,1.223,24.4,-28.40,+2.58,AVOIDED big loss (-10%+),
ORCA/USDT,2026-04-26 13:09:21,39.16,1.717,1.233837,1.209,24.4,-29.59,-0.52,AVOIDED big loss (-10%+),
MASK/USDT,2026-04-26 13:09:21,20.98,0.659,0.544726,0.526,24.4,-20.18,-6.07,AVOIDED big loss (-10%+),
D/USDT,2026-04-26 13:09:21,20.52,0.01467,0.012172,0.01321,24.4,-9.95,+9.07,avoided medium loss (5-10%),
ENSO/USDT,2026-04-26 13:09:22,18.23,1.061,0.897383,0.866,24.4,-18.38,-2.45,AVOIDED big loss (-10%+),
ZBT/USDT,2026-04-26 13:09:22,18.40,0.1736,0.14662,0.1736,24.4,+0.00,+58.70,avoided small loss,
ORCA/USDT,2026-04-26 13:09:23,39.16,1.717,1.233837,1.209,24.4,-29.59,-0.52,AVOIDED big loss (-10%+),
ORCA/USDT,2026-04-26 13:39:51,38.44,1.706,1.232313,1.241,24.4,-27.26,+0.12,AVOIDED big loss (-10%+),
D/USDT,2026-04-26 13:39:52,21.74,0.01485,0.012199,0.01334,24.4,-10.17,+7.74,AVOIDED big loss (-10%+),
ZBT/USDT,2026-04-26 13:39:52,21.82,0.1792,0.147106,0.1698,24.4,-5.25,+53.74,avoided medium loss (5-10%),
ORCA/USDT,2026-04-26 13:39:52,38.44,1.706,1.232313,1.239,24.4,-27.37,+0.12,AVOIDED big loss (-10%+),
ORCA/USDT,2026-04-26 14:10:21,36.58,1.68,1.230027,1.523,24.4,-9.35,-2.32,avoided medium loss (5-10%),
D/USDT,2026-04-26 14:10:22,20.35,0.01464,0.012164,0.01316,24.4,-10.11,+9.29,AVOIDED big loss (-10%+),
ZBT/USDT,2026-04-26 14:10:22,25.52,0.1853,0.147629,0.176,24.4,-5.02,+48.68,avoided medium loss (5-10%),
ORCA/USDT,2026-04-26 14:10:22,36.58,1.68,1.230027,1.524,24.4,-9.29,-2.32,avoided medium loss (5-10%),
ORCA/USDT,2026-04-26 14:40:51,30.32,1.592,1.221646,1.648,24.4,+3.52,+15.77,blocked small gain,
ZBT/USDT,2026-04-26 14:40:51,32.26,0.1968,0.148801,0.17,24.4,-13.62,+39.99,AVOIDED big loss (-10%+),
D/USDT,2026-04-26 14:40:52,19.30,0.0145,0.012154,0.01302,24.4,-10.21,+10.34,AVOIDED big loss (-10%+),
ORCA/USDT,2026-04-26 14:40:52,30.32,1.592,1.221646,1.641,24.4,+3.08,+15.77,blocked small gain,
ORCA/USDT,2026-04-26 15:11:22,28.27,1.563,1.218503,1.682,24.4,+7.61,+19.32,blocked winner (5-10%),
D/USDT,2026-04-26 15:11:22,19.81,0.01457,0.012161,0.01273,24.4,-12.63,+9.81,AVOIDED big loss (-10%+),
ZBT/USDT,2026-04-26 15:11:22,26.46,0.187,0.147877,0.1711,24.4,-8.50,+47.33,avoided medium loss (5-10%),
ORCA/USDT,2026-04-26 15:11:23,28.27,1.563,1.218503,1.681,24.4,+7.55,+19.32,blocked winner (5-10%),
ORCA/USDT,2026-04-26 15:15:07,27.49,1.553,1.218122,1.681,24.3,+8.24,+20.09,blocked winner (5-10%),
D/USDT,2026-04-26 15:15:07,18.66,0.01441,0.012144,0.01273,24.3,-11.66,+11.03,AVOIDED big loss (-10%+),
ZBT/USDT,2026-04-26 15:15:08,25.52,0.1854,0.147706,0.1711,24.3,-7.71,+48.60,avoided medium loss (5-10%),
ORCA/USDT,2026-04-26 15:15:08,27.49,1.553,1.218122,1.681,24.3,+8.24,+20.09,blocked winner (5-10%),
ORCA/USDT,2026-04-26 15:23:43,27.00,1.546,1.217361,1.681,24.2,+8.73,+20.63,blocked winner (5-10%),
ZBT/USDT,2026-04-26 15:23:43,30.14,0.1931,0.148382,0.1711,24.2,-11.39,+42.67,AVOIDED big loss (-10%+),
D/USDT,2026-04-26 15:23:43,18.43,0.01438,0.012142,0.01273,24.2,-11.47,+11.27,AVOIDED big loss (-10%+),
ORCA/USDT,2026-04-26 15:23:44,27.00,1.546,1.217361,1.681,24.2,+8.73,+20.63,blocked winner (5-10%),
D/USDT,2026-04-26 15:54:12,26.42,0.0155,0.012261,0.01272,24.2,-17.94,+3.23,AVOIDED big loss (-10%+),
ZBT/USDT,2026-04-26 15:54:13,33.62,0.1991,0.149001,0.1742,24.2,-12.51,+38.37,AVOIDED big loss (-10%+),
ORCA/USDT,2026-04-26 15:54:13,22.78,1.488,1.211932,1.865,24.2,+25.34,+25.34,BLOCKED big winner (+10%+),
ZBT/USDT,2026-04-26 15:54:13,33.62,0.1991,0.149001,0.1741,24.2,-12.56,+38.37,AVOIDED big loss (-10%+),
ZBT/USDT,2026-04-26 16:24:44,37.84,0.2145,0.155611,0.1802,24.2,-15.99,+28.44,AVOIDED big loss (-10%+),
ZBT/USDT,2026-04-26 16:24:45,37.84,0.2145,0.155611,0.1801,24.2,-16.04,+28.44,AVOIDED big loss (-10%+),
ZBT/USDT,2026-04-26 16:55:14,53.87,0.2436,0.158316,0.1866,24.2,-23.40,+13.10,AVOIDED big loss (-10%+),
D/USDT,2026-04-26 16:55:14,21.54,0.01525,0.012548,0.01291,24.2,-15.34,+4.92,AVOIDED big loss (-10%+),
ZBT/USDT,2026-04-26 16:55:14,53.87,0.2436,0.158316,0.1872,24.2,-23.15,+13.10,AVOIDED big loss (-10%+),
ZBT/USDT,2026-04-26 17:25:43,61.41,0.2576,0.159592,0.1872,24.2,-27.33,+5.24,AVOIDED big loss (-10%+),
D/USDT,2026-04-26 17:25:43,25.97,0.0159,0.012622,0.01297,24.2,-18.43,-0.63,AVOIDED big loss (-10%+),
ZBT/USDT,2026-04-26 17:25:44,61.41,0.2576,0.159592,0.187,24.2,-27.41,+5.24,AVOIDED big loss (-10%+),
ZBT/USDT,2026-04-26 17:56:12,67.13,0.2687,0.160773,0.1919,24.2,-28.58,+0.89,AVOIDED big loss (-10%+),
ZBT/USDT,2026-04-26 17:56:12,67.13,0.2687,0.160773,0.1919,24.2,-28.58,+0.89,AVOIDED big loss (-10%+),
ZBT/USDT,2026-04-26 18:26:43,61.83,0.2585,0.159735,0.1926,24.4,-25.49,+2.21,AVOIDED big loss (-10%+),
ZBT/USDT,2026-04-26 18:26:43,61.83,0.2585,0.159735,0.1926,24.4,-25.49,+2.21,AVOIDED big loss (-10%+),
ZBT/USDT,2026-04-26 18:42:46,60.20,0.2555,0.159487,0.1924,24.1,-24.70,+3.41,AVOIDED big loss (-10%+),
D/USDT,2026-04-26 18:42:46,23.80,0.01559,0.012593,0.01291,24.1,-17.19,+0.00,AVOIDED big loss (-10%+),
ZBT/USDT,2026-04-26 18:42:47,60.20,0.2555,0.159487,0.1924,24.1,-24.70,+3.41,AVOIDED big loss (-10%+),
ZBT/USDT,2026-04-26 19:13:56,55.65,0.247,0.158687,0.2049,24.3,-17.04,+6.96,AVOIDED big loss (-10%+),
ZBT/USDT,2026-04-26 19:13:57,55.65,0.247,0.158687,0.2049,24.3,-17.04,+6.96,AVOIDED big loss (-10%+),
ZBT/USDT,2026-04-26 19:44:34,56.60,0.249,0.159001,0.1944,24.2,-21.93,+6.10,AVOIDED big loss (-10%+),
LDO/USDT,2026-04-26 19:44:34,19.02,0.4671,0.392451,0.3953,24.2,-15.37,-0.51,AVOIDED big loss (-10%+),
ZBT/USDT,2026-04-26 19:44:35,56.60,0.249,0.159001,0.1944,24.2,-21.93,+6.10,AVOIDED big loss (-10%+),
ZBT/USDT,2026-04-26 20:15:08,49.45,0.2509,0.167888,0.1965,24.2,-21.68,+5.30,AVOIDED big loss (-10%+),
ZBT/USDT,2026-04-26 20:15:08,49.45,0.2509,0.167888,0.1965,24.2,-21.68,+5.30,AVOIDED big loss (-10%+),
ZBT/USDT,2026-04-26 20:45:41,42.95,0.2384,0.166773,0.191,24.2,-19.88,+10.82,AVOIDED big loss (-10%+),
ZBT/USDT,2026-04-26 20:45:41,42.95,0.2384,0.166773,0.191,24.2,-19.88,+10.82,AVOIDED big loss (-10%+),
ZBT/USDT,2026-04-26 21:16:12,48.90,0.2499,0.167831,0.1953,24.2,-21.85,+4.48,AVOIDED big loss (-10%+),
ZBT/USDT,2026-04-26 21:16:13,48.90,0.2499,0.167831,0.1955,24.2,-21.77,+4.48,AVOIDED big loss (-10%+),
ZBT/USDT,2026-04-26 21:46:45,48.74,0.2496,0.167812,0.2006,24.2,-19.63,+4.61,AVOIDED big loss (-10%+),
ZBT/USDT,2026-04-26 21:46:45,48.74,0.2496,0.167812,0.2006,24.2,-19.63,+4.61,AVOIDED big loss (-10%+),
ZBT/USDT,2026-04-26 22:17:17,49.61,0.2513,0.167973,0.1971,24.2,-21.57,-6.09,AVOIDED big loss (-10%+),
ZBT/USDT,2026-04-26 22:17:17,49.61,0.2513,0.167973,0.1971,24.2,-21.57,-6.09,AVOIDED big loss (-10%+),
ZBT/USDT,2026-04-26 22:47:49,38.94,0.2306,0.165973,0.1937,24.2,-16.00,+2.34,AVOIDED big loss (-10%+),
LUNC/USDT,2026-04-26 23:18:20,17.01,6.048e-05,5.2e-05,6.762e-05,24.2,+11.81,+13.08,BLOCKED big winner (+10%+),
ZBT/USDT,2026-04-26 23:18:20,35.46,0.224,0.165364,0.1943,24.2,-13.26,+3.75,AVOIDED big loss (-10%+),
LUNC/USDT,2026-04-26 23:48:52,18.10,6.113e-05,5.2e-05,6.689e-05,24.2,+9.42,+11.88,blocked winner (5-10%),
LUNC/USDT,2026-04-27 00:49:54,18.76,6.281e-05,5.3e-05,6.923e-05,24.2,+10.22,+14.58,BLOCKED big winner (+10%+),
ZBT/USDT,2026-04-27 00:49:54,27.85,0.2171,0.169813,0.1912,24.2,-11.93,+5.48,AVOIDED big loss (-10%+),
LUNC/USDT,2026-04-27 01:50:59,17.80,6.225e-05,5.3e-05,6.827e-05,24.2,+9.67,+15.61,blocked winner (5-10%),
LUNC/USDT,2026-04-27 02:21:29,18.09,6.238e-05,5.3e-05,6.67e-05,24.2,+6.93,+15.37,blocked winner (5-10%),
LUNC/USDT,2026-04-27 02:52:01,17.72,6.216e-05,5.3e-05,6.97e-05,24.2,+12.13,+15.78,BLOCKED big winner (+10%+),
LUNC/USDT,2026-04-27 03:22:33,21.83,6.463e-05,5.3e-05,6.783e-05,24.2,+4.95,+11.36,blocked small gain,
LUNC/USDT,2026-04-27 03:53:04,17.06,6.179e-05,5.3e-05,6.648e-05,24.2,+7.59,+16.48,blocked winner (5-10%),
LUMIA/USDT,2026-04-27 14:34:27,23.68,0.1801,0.145624,0.1788,24.2,-0.72,+1.33,avoided small loss,
LUMIA/USDT,2026-04-27 15:04:59,17.81,0.1703,0.144557,0.1746,24.2,+2.52,+7.16,blocked small gain,
LUMIA/USDT,2026-04-27 15:35:32,19.70,0.1733,0.144776,0.1802,24.2,+3.98,+5.31,blocked small gain,
LUMIA/USDT,2026-04-27 16:06:10,17.03,0.1732,0.148001,0.1802,24.2,+4.04,+6.00,blocked small gain,
ORCA/USDT,2026-04-27 16:36:42,48.98,2.016,1.353215,1.599,24.2,-20.68,-1.19,AVOIDED big loss (-10%+),
LUMIA/USDT,2026-04-27 17:37:44,18.21,0.1749,0.147963,0.1794,24.2,+2.57,+4.97,blocked small gain,
ORCA/USDT,2026-04-27 17:37:44,38.87,1.857,1.337215,1.618,24.2,-12.87,+1.02,AVOIDED big loss (-10%+),
LUMIA/USDT,2026-04-27 18:08:15,18.09,0.1747,0.147935,0.1792,24.2,+2.58,+5.09,blocked small gain,
ORCA/USDT,2026-04-27 18:08:15,31.03,1.737,1.325691,1.632,24.2,-6.04,+8.00,avoided medium loss (5-10%),
LUMIA/USDT,2026-04-27 18:18:10,17.05,0.1731,0.147887,0.1792,24.1,+3.52,+6.07,blocked small gain,
ORCA/USDT,2026-04-27 18:18:10,29.44,1.712,1.322644,1.632,24.1,-4.67,+9.58,avoided small loss,
LUMIA/USDT,2026-04-27 18:48:41,17.70,0.1742,0.148001,0.1818,24.1,+4.36,+5.40,blocked small gain,
LUMIA/USDT,2026-04-27 18:59:26,17.69,0.1742,0.14802,0.179,24.4,+2.76,+5.40,blocked small gain,
LUMIA/USDT,2026-04-27 18:59:26,17.69,0.1742,0.14802,0.179,24.4,+2.76,+5.40,blocked small gain,
ORCA/USDT,2026-04-28 00:33:00,26.46,1.729,1.367236,1.644,24.4,-4.92,+8.50,avoided small loss,
APE/USDT,2026-04-28 07:39:59,26.51,0.1884,0.148923,0.153,24.4,-18.79,-0.16,AVOIDED big loss (-10%+),
ORCA/USDT,2026-04-28 12:44:49,23.21,1.758,1.426837,1.669,24.4,-5.06,+4.10,avoided medium loss (5-10%),
ORCA/USDT,2026-04-28 13:15:20,18.16,1.676,1.418361,1.744,24.4,+4.06,+9.19,blocked small gain,
ORCA/USDT,2026-04-28 13:45:50,19.12,1.692,1.420361,1.715,24.4,+1.36,+8.16,blocked small gain,
ORCA/USDT,2026-04-28 14:16:19,23.33,1.76,1.427123,1.726,24.4,-1.93,+0.28,avoided small loss,
ORCA/USDT,2026-04-28 14:46:48,21.23,1.726,1.423694,1.675,24.4,-2.95,+2.78,avoided small loss,
ZKP/USDT,2026-04-28 17:18:57,21.27,0.103,0.084938,0.0932,24.4,-9.51,+7.28,avoided medium loss (5-10%),
ZKP/USDT,2026-04-28 17:20:18,23.75,0.1053,0.08509,0.0932,24.4,-11.49,+4.94,AVOIDED big loss (-10%+),
ZKP/USDT,2026-04-28 17:50:47,18.20,0.0999,0.084519,0.0914,24.4,-8.51,+10.61,avoided medium loss (5-10%),
ZKP/USDT,2026-04-28 18:21:18,18.88,0.1006,0.084624,0.0899,24.4,-10.64,+9.84,AVOIDED big loss (-10%+),
ZKP/USDT,2026-04-28 18:51:49,21.89,0.1034,0.084833,0.09,24.1,-12.96,+6.87,AVOIDED big loss (-10%+),
BROCCOLI714/USDT,2026-04-28 18:51:49,21.81,0.01992,0.016353,0.01767,24.1,-11.30,+13.60,AVOIDED big loss (-10%+),
ZKP/USDT,2026-04-28 18:51:50,21.89,0.1034,0.084833,0.09,24.1,-12.96,+6.87,AVOIDED big loss (-10%+),
ZKP/USDT,2026-04-28 19:22:20,25.68,0.1071,0.085214,0.0889,24.1,-16.99,+1.59,AVOIDED big loss (-10%+),
BROCCOLI714/USDT,2026-04-28 19:22:20,22.87,0.02013,0.016383,0.01785,24.1,-11.33,+12.42,AVOIDED big loss (-10%+),
ORCA/USDT,2026-04-28 19:22:21,17.20,1.687,1.439378,1.629,24.1,-3.44,+5.16,avoided small loss,
ORCA/USDT,2026-04-28 19:22:21,17.20,1.687,1.439378,1.629,24.1,-3.44,+5.16,avoided small loss,
ZKP/USDT,2026-04-28 19:22:22,25.68,0.1071,0.085214,0.0889,24.1,-16.99,+1.59,AVOIDED big loss (-10%+),
ZKP/USDT,2026-04-28 19:52:52,26.46,0.1078,0.085243,0.0887,24.1,-17.72,+0.93,AVOIDED big loss (-10%+),
BROCCOLI714/USDT,2026-04-28 19:52:53,22.51,0.02007,0.016383,0.01798,24.1,-10.41,+12.76,AVOIDED big loss (-10%+),
ZKP/USDT,2026-04-28 19:52:56,26.46,0.1078,0.085243,0.0887,24.1,-17.72,+0.93,AVOIDED big loss (-10%+),
BROCCOLI714/USDT,2026-04-28 20:23:26,18.51,0.01977,0.016682,0.01804,24.1,-8.75,+14.47,avoided medium loss (5-10%),
ZKP/USDT,2026-04-28 20:23:26,18.51,0.1032,0.087082,0.0898,24.1,-12.98,+2.42,AVOIDED big loss (-10%+),
BROCCOLI714/USDT,2026-04-28 20:23:27,18.51,0.01977,0.016682,0.01804,24.1,-8.75,+14.47,avoided medium loss (5-10%),
BROCCOLI714/USDT,2026-04-28 20:53:56,19.85,0.02003,0.016713,0.01813,24.1,-9.49,+12.98,avoided medium loss (5-10%),
ZKP/USDT,2026-04-28 20:53:56,20.67,0.1053,0.087263,0.0899,24.1,-14.62,+0.38,AVOIDED big loss (-10%+),
BROCCOLI714/USDT,2026-04-28 20:53:57,19.85,0.02003,0.016713,0.01813,24.1,-9.49,+12.98,avoided medium loss (5-10%),
BROCCOLI714/USDT,2026-04-28 21:24:26,23.29,0.0207,0.016789,0.01814,24.1,-12.37,+9.32,AVOIDED big loss (-10%+),
BIO/USDT,2026-04-28 21:24:26,18.08,0.0365,0.030911,0.0335,24.1,-8.22,+3.01,avoided medium loss (5-10%),
BROCCOLI714/USDT,2026-04-28 21:24:27,23.29,0.0207,0.016789,0.01814,24.1,-12.37,+9.32,AVOIDED big loss (-10%+),
BROCCOLI714/USDT,2026-04-28 21:54:56,26.87,0.02137,0.016843,0.0182,24.1,-14.83,+5.90,AVOIDED big loss (-10%+),
ZKP/USDT,2026-04-28 21:54:56,18.04,0.1027,0.087006,0.0897,24.1,-12.66,+0.29,AVOIDED big loss (-10%+),
BIO/USDT,2026-04-28 21:54:56,18.08,0.0365,0.030911,0.034,24.1,-6.85,+3.01,avoided medium loss (5-10%),
BIO/USDT,2026-04-28 21:54:57,18.08,0.0365,0.030911,0.034,24.1,-6.85,+3.01,avoided medium loss (5-10%),
BROCCOLI714/USDT,2026-04-28 21:54:57,26.87,0.02137,0.016843,0.0182,24.1,-14.83,+5.90,AVOIDED big loss (-10%+),
BROCCOLI714/USDT,2026-04-28 22:25:26,24.39,0.0209,0.016802,0.01825,24.1,-12.68,+8.28,AVOIDED big loss (-10%+),
BROCCOLI714/USDT,2026-04-28 22:25:26,24.39,0.0209,0.016802,0.01825,24.1,-12.68,+8.28,AVOIDED big loss (-10%+),
BROCCOLI714/USDT,2026-04-28 22:55:56,23.57,0.02074,0.016784,0.01809,24.1,-12.78,+9.11,AVOIDED big loss (-10%+),
BROCCOLI714/USDT,2026-04-28 22:55:56,23.57,0.02074,0.016784,0.01809,24.1,-12.78,+9.11,AVOIDED big loss (-10%+),
BROCCOLI714/USDT,2026-04-28 23:26:26,25.50,0.02112,0.016829,0.01783,24.1,-15.58,+7.15,AVOIDED big loss (-10%+),
BIO/USDT,2026-04-28 23:26:26,19.80,0.0371,0.030968,0.034,24.1,-8.36,-1.08,avoided medium loss (5-10%),
BIO/USDT,2026-04-28 23:26:27,19.80,0.0371,0.030968,0.034,24.1,-8.36,-1.08,avoided medium loss (5-10%),
BROCCOLI714/USDT,2026-04-28 23:26:27,25.50,0.02112,0.016829,0.01783,24.1,-15.58,+7.15,AVOIDED big loss (-10%+),
BROCCOLI714/USDT,2026-04-28 23:56:56,28.56,0.02169,0.016871,0.01793,24.1,-17.34,+4.33,AVOIDED big loss (-10%+),
BIO/USDT,2026-04-28 23:56:57,17.76,0.0364,0.030911,0.0338,24.1,-7.14,+0.82,avoided medium loss (5-10%),
BROCCOLI714/USDT,2026-04-28 23:56:57,28.56,0.02169,0.016871,0.01793,24.1,-17.34,+4.33,AVOIDED big loss (-10%+),
BROCCOLI714/USDT,2026-04-29 00:27:25,28.55,0.02233,0.017371,0.0181,24.1,-18.94,-12.32,AVOIDED big loss (-10%+),
BROCCOLI714/USDT,2026-04-29 00:27:26,28.55,0.02233,0.017371,0.0181,24.1,-18.94,-12.32,AVOIDED big loss (-10%+),
BROCCOLI714/USDT,2026-04-29 00:57:55,19.97,0.02065,0.017212,0.01802,24.1,-12.74,-5.18,AVOIDED big loss (-10%+),
BROCCOLI714/USDT,2026-04-29 00:57:56,19.97,0.02065,0.017212,0.01802,24.1,-12.74,-5.18,AVOIDED big loss (-10%+),
SOLV/USDT,2026-04-29 11:07:46,20.80,0.00502,0.004156,0.00476,24.1,-5.18,+9.56,avoided medium loss (5-10%),
SOLV/USDT,2026-04-29 11:07:46,20.80,0.00502,0.004156,0.00476,24.1,-5.18,+9.56,avoided medium loss (5-10%),
SOLV/USDT,2026-04-29 11:38:15,18.19,0.00489,0.004137,0.00474,24.1,-3.07,+12.47,avoided small loss,
SOLV/USDT,2026-04-29 11:38:16,18.19,0.00489,0.004137,0.00474,24.1,-3.07,+12.47,avoided small loss,
LUMIA/USDT,2026-04-29 15:11:44,21.10,0.2083,0.172013,0.1493,24.0,-28.32,+4.03,AVOIDED big loss (-10%+),
LUMIA/USDT,2026-04-29 15:42:14,21.39,0.2088,0.172013,0.1507,24.0,-27.83,+3.78,AVOIDED big loss (-10%+),
LUMIA/USDT,2026-04-29 16:12:47,21.15,0.2134,0.176141,0.1507,24.0,-29.38,-5.44,AVOIDED big loss (-10%+),
AI/USDT,2026-04-29 20:27:30,29.50,0.0261,0.020154,0.0203,24.4,-22.22,+8.43,AVOIDED big loss (-10%+),
AI/USDT,2026-04-29 20:27:30,29.50,0.0261,0.020154,0.0203,24.4,-22.22,+8.43,AVOIDED big loss (-10%+),
AI/USDT,2026-04-29 21:28:37,29.07,0.026,0.020144,0.0206,24.5,-20.77,+8.85,AVOIDED big loss (-10%+),
AI/USDT,2026-04-29 22:29:46,32.23,0.0267,0.020192,0.0208,24.0,-22.10,+5.99,AVOIDED big loss (-10%+),
AI/USDT,2026-04-30 00:01:28,22.91,0.0253,0.020585,0.0203,24.0,-19.76,+11.86,AVOIDED big loss (-10%+),
AI/USDT,2026-04-30 00:32:04,23.45,0.0254,0.020575,0.0207,24.0,-18.50,+11.42,AVOIDED big loss (-10%+),
AI/USDT,2026-04-30 01:02:39,24.68,0.0257,0.020613,0.0206,24.0,-19.84,+10.12,AVOIDED big loss (-10%+),
AI/USDT,2026-04-30 01:33:16,22.96,0.0253,0.020575,0.0206,24.0,-18.58,+11.86,AVOIDED big loss (-10%+),
AI/USDT,2026-04-30 02:03:53,20.87,0.0248,0.020518,0.0208,24.0,-16.13,+14.11,AVOIDED big loss (-10%+),
AI/USDT,2026-04-30 02:34:27,20.33,0.0247,0.020528,0.021,24.2,-14.98,+14.57,AVOIDED big loss (-10%+),
AI/USDT,2026-04-30 02:34:29,20.33,0.0247,0.020528,0.021,24.2,-14.98,+14.57,AVOIDED big loss (-10%+),
BIO/USDT,2026-04-30 03:05:02,22.86,0.0402,0.03272,0.0403,24.2,+0.25,+14.93,blocked small gain,
AI/USDT,2026-04-30 03:05:03,17.73,0.0241,0.02047,0.0208,24.2,-13.69,+17.43,AVOIDED big loss (-10%+),
BIO/USDT,2026-04-30 03:05:04,22.86,0.0402,0.03272,0.0403,24.2,+0.25,+14.93,blocked small gain,
BIO/USDT,2026-04-30 03:35:39,21.47,0.0397,0.032682,0.0401,24.3,+1.01,+16.37,blocked small gain,
BIO/USDT,2026-04-30 03:35:40,21.47,0.0397,0.032682,0.0401,24.3,+1.01,+16.37,blocked small gain,
BIO/USDT,2026-04-30 04:06:13,19.13,0.0397,0.033325,0.0409,24.3,+3.02,+16.37,blocked small gain,
BIO/USDT,2026-04-30 04:36:46,23.30,0.0413,0.033496,0.0405,24.3,-1.94,+11.86,avoided small loss,
BIO/USDT,2026-04-30 04:36:47,23.30,0.0413,0.033496,0.0405,24.3,-1.94,+11.86,avoided small loss,
BIO/USDT,2026-04-30 05:07:21,20.19,0.0401,0.033363,0.042,24.3,+4.74,+15.21,blocked small gain,
BIO/USDT,2026-04-30 05:07:22,20.19,0.0401,0.033363,0.042,24.3,+4.74,+15.21,blocked small gain,
BIO/USDT,2026-04-30 05:37:55,22.28,0.0409,0.033449,0.0413,24.3,+0.98,+12.96,blocked small gain,
BIO/USDT,2026-04-30 05:37:55,22.28,0.0409,0.033449,0.0413,24.3,+0.98,+12.96,blocked small gain,
BIO/USDT,2026-04-30 06:08:28,27.04,0.0427,0.03361,0.041,24.3,-3.98,+8.20,avoided small loss,
BIO/USDT,2026-04-30 06:08:29,27.04,0.0427,0.03361,0.041,24.3,-3.98,+8.20,avoided small loss,
BIO/USDT,2026-04-30 06:39:04,23.10,0.0412,0.033468,0.0405,24.3,-1.70,+12.14,avoided small loss,
BIO/USDT,2026-04-30 06:39:05,23.10,0.0412,0.033468,0.0405,24.3,-1.70,+12.14,avoided small loss,
BIO/USDT,2026-04-30 07:09:38,24.95,0.0419,0.033534,0.0402,24.3,-4.06,+8.35,avoided small loss,
BIO/USDT,2026-04-30 07:09:39,24.95,0.0419,0.033534,0.0402,24.3,-4.06,+8.35,avoided small loss,
BIO/USDT,2026-04-30 07:40:12,29.87,0.0438,0.033725,0.04,24.4,-8.68,+3.65,avoided medium loss (5-10%),
BIO/USDT,2026-04-30 07:40:13,29.87,0.0438,0.033725,0.04,24.4,-8.68,+3.65,avoided medium loss (5-10%),
BIO/USDT,2026-04-30 08:10:46,26.12,0.0439,0.034807,0.04,24.4,-8.88,+3.42,avoided medium loss (5-10%),
BIO/USDT,2026-04-30 08:10:46,26.12,0.0439,0.034807,0.04,24.4,-8.88,+3.42,avoided medium loss (5-10%),
BIO/USDT,2026-04-30 08:41:19,25.65,0.0437,0.034778,0.0404,24.4,-7.55,+3.89,avoided medium loss (5-10%),
BIO/USDT,2026-04-30 08:41:20,25.65,0.0437,0.034778,0.0404,24.4,-7.55,+3.89,avoided medium loss (5-10%),
